{"cameraMode":{"drawMode":0,"name":"Shaded","section":"Shading Mode"},"sceneLighting":true,"audioPlay":false,"sceneViewState":{"m_AlwaysRefresh":false,"showFog":true,"showSkybox":true,"showFlares":true,"showImageEffects":true,"showParticleSystems":true,"showVisualEffectGraphs":true,"m_FxEnabled":true},"in2DMode":false,"pivot":{"x":16.173376083374025,"y":-1.2831501960754395,"z":10.120763778686524},"rotation":{"x":-0.06370851397514343,"y":0.4632349908351898,"z":0.03341059759259224,"w":0.8833115100860596},"size":23.532894134521486,"orthographic":false}